{"episodic_reward": 1554.0, "episodic_length": 100, "connected_users": 1714.0, "global_steps": 0, "_timestamp": 1682795528.4301636, "_runtime": 2.104294538497925, "_step": 0, "_wandb": {"runtime": 1}}