{"episodic_reward": 5809.0, "episodic_length": 100, "connected_users": 5813.0, "global_steps": 449, "_timestamp": 1682796275.4452524, "_runtime": 133.29410243034363, "_step": 449, "_wandb": {"runtime": 201}}