{"episodic_reward": 6679.0, "episodic_length": 100, "connected_users": 6681.0, "global_steps": 449, "_timestamp": 1682796030.4578924, "_runtime": 109.14612531661987, "_step": 449, "_wandb": {"runtime": 195}}