{"episodic_reward": 1554.0, "episodic_length": 100, "connected_users": 1714.0, "global_steps": 0, "_timestamp": 1682795363.6619394, "_runtime": 1.81369948387146, "_step": 0, "_wandb": {"runtime": 1}}