{"episodic_reward": 6497.099999999999, "episodic_length": 100, "connected_users": 6489.0, "global_steps": 999, "_timestamp": 1682907371.431503, "_runtime": 306.8034610748291, "_step": 999, "_wandb": {"runtime": 307}}