{"episodic_reward": 5258.4333333333325, "episodic_length": 100, "connected_users": 5262.0, "global_steps": 449, "_timestamp": 1682906521.5549097, "_runtime": 142.7662217617035, "_step": 449, "_wandb": {"runtime": 143}}