{"episodic_reward": 5328.354655981064, "episodic_length": 100, "connected_users": 6177.0, "global_steps": 449, "_timestamp": 1682796479.0928338, "_runtime": 111.20328879356384, "_step": 449, "_wandb": {"runtime": 236}}