{"episodic_reward": 6311.153358697891, "episodic_length": 100, "connected_users": 6826.0, "global_steps": 999, "_timestamp": 1682907711.4113443, "_runtime": 314.9817101955414, "_step": 999, "_wandb": {"runtime": 315}}