{"episodic_reward": 5328.354655981064, "episodic_length": 100, "connected_users": 6177.0, "global_steps": 449, "_timestamp": 1682797107.9066508, "_runtime": 111.18699288368225, "_step": 449, "_wandb": {"runtime": 111}}