{"episodic_reward": 4106.0, "episodic_length": 100, "connected_users": 4112.0, "global_steps": 449, "_timestamp": 1682906356.5095513, "_runtime": 144.5649082660675, "_step": 449, "_wandb": {"runtime": 145}}