{"episodic_reward": 1554.0, "episodic_length": 100, "connected_users": 1714.0, "global_steps": 0, "_timestamp": 1682795335.4202936, "_runtime": 1.8428645133972168, "_step": 0, "_wandb": {"runtime": 1}}