{"episodic_reward": 6231.516528606415, "episodic_length": 100, "connected_users": 6780.0, "global_steps": 449, "_timestamp": 1682906665.406222, "_runtime": 120.23697113990784, "_step": 449, "_wandb": {"runtime": 121}}