{"episodic_reward": 6679.0, "episodic_length": 100, "connected_users": 6681.0, "global_steps": 449, "_timestamp": 1682796840.9931035, "_runtime": 109.08651947975159, "_step": 449, "_wandb": {"runtime": 109}}