{"episodic_reward": 5809.0, "episodic_length": 100, "connected_users": 5813.0, "global_steps": 449, "_timestamp": 1682796974.2405326, "_runtime": 111.29001569747925, "_step": 449, "_wandb": {"runtime": 112}}