{"episodic_reward": 5051.0, "episodic_length": 100, "connected_users": 5059.0, "global_steps": 999, "_timestamp": 1682907041.1171508, "_runtime": 327.5736927986145, "_step": 999, "_wandb": {"runtime": 328}}